PRAGMA foreign_keys=OFF;
BEGIN TRANSACTION;
CREATE TABLE IF NOT EXISTS "django_migrations" ("id" integer NOT NULL PRIMARY KEY AUTOINCREMENT, "app" varchar(255) NOT NULL, "name" varchar(255) NOT NULL, "applied" datetime NOT NULL);
INSERT INTO django_migrations VALUES(1,'contenttypes','0001_initial','2022-04-14 07:09:42.572287');
INSERT INTO django_migrations VALUES(2,'auth','0001_initial','2022-04-14 07:09:42.600834');
INSERT INTO django_migrations VALUES(3,'admin','0001_initial','2022-04-14 07:09:42.616632');
INSERT INTO django_migrations VALUES(4,'admin','0002_logentry_remove_auto_add','2022-04-14 07:09:42.629036');
INSERT INTO django_migrations VALUES(5,'admin','0003_logentry_add_action_flag_choices','2022-04-14 07:09:42.645077');
INSERT INTO django_migrations VALUES(6,'contenttypes','0002_remove_content_type_name','2022-04-14 07:09:42.667449');
INSERT INTO django_migrations VALUES(7,'auth','0002_alter_permission_name_max_length','2022-04-14 07:09:42.682021');
INSERT INTO django_migrations VALUES(8,'auth','0003_alter_user_email_max_length','2022-04-14 07:09:42.694799');
INSERT INTO django_migrations VALUES(9,'auth','0004_alter_user_username_opts','2022-04-14 07:09:42.708704');
INSERT INTO django_migrations VALUES(10,'auth','0005_alter_user_last_login_null','2022-04-14 07:09:42.721276');
INSERT INTO django_migrations VALUES(11,'auth','0006_require_contenttypes_0002','2022-04-14 07:09:42.727454');
INSERT INTO django_migrations VALUES(12,'auth','0007_alter_validators_add_error_messages','2022-04-14 07:09:42.737052');
INSERT INTO django_migrations VALUES(13,'auth','0008_alter_user_username_max_length','2022-04-14 07:09:42.749451');
INSERT INTO django_migrations VALUES(14,'auth','0009_alter_user_last_name_max_length','2022-04-14 07:09:42.766464');
INSERT INTO django_migrations VALUES(15,'auth','0010_alter_group_name_max_length','2022-04-14 07:09:42.783200');
INSERT INTO django_migrations VALUES(16,'auth','0011_update_proxy_permissions','2022-04-14 07:09:42.795931');
INSERT INTO django_migrations VALUES(17,'auth','0012_alter_user_first_name_max_length','2022-04-14 07:09:42.810686');
INSERT INTO django_migrations VALUES(18,'mainapp','0001_initial','2022-04-14 07:09:42.839791');
INSERT INTO django_migrations VALUES(19,'mainapp','0002_alter_city_name_alter_collection_has_sub_and_more','2022-04-14 07:09:42.868999');
INSERT INTO django_migrations VALUES(20,'mainapp','0003_alter_city_options_alter_collection_options_and_more','2022-04-14 07:09:42.895737');
INSERT INTO django_migrations VALUES(21,'mainapp','0004_remove_collection_created_collection_comment','2022-04-14 07:09:42.908188');
INSERT INTO django_migrations VALUES(22,'mainapp','0005_alter_collection_comment','2022-04-14 07:09:42.913565');
INSERT INTO django_migrations VALUES(23,'mainapp','0006_userchatid_delete_user','2022-04-14 07:09:42.920660');
INSERT INTO django_migrations VALUES(24,'mainapp','0007_alter_subcollection_collection','2022-04-14 07:09:42.929988');
INSERT INTO django_migrations VALUES(25,'mainapp','0008_chatuser_delete_userchatid','2022-04-14 07:09:42.935908');
INSERT INTO django_migrations VALUES(26,'mainapp','0009_remove_collection_comment','2022-04-14 07:09:42.944193');
INSERT INTO django_migrations VALUES(27,'sessions','0001_initial','2022-04-14 07:09:42.951624');
CREATE TABLE IF NOT EXISTS "auth_group_permissions" ("id" integer NOT NULL PRIMARY KEY AUTOINCREMENT, "group_id" integer NOT NULL REFERENCES "auth_group" ("id") DEFERRABLE INITIALLY DEFERRED, "permission_id" integer NOT NULL REFERENCES "auth_permission" ("id") DEFERRABLE INITIALLY DEFERRED);
CREATE TABLE IF NOT EXISTS "auth_user_groups" ("id" integer NOT NULL PRIMARY KEY AUTOINCREMENT, "user_id" integer NOT NULL REFERENCES "auth_user" ("id") DEFERRABLE INITIALLY DEFERRED, "group_id" integer NOT NULL REFERENCES "auth_group" ("id") DEFERRABLE INITIALLY DEFERRED);
CREATE TABLE IF NOT EXISTS "auth_user_user_permissions" ("id" integer NOT NULL PRIMARY KEY AUTOINCREMENT, "user_id" integer NOT NULL REFERENCES "auth_user" ("id") DEFERRABLE INITIALLY DEFERRED, "permission_id" integer NOT NULL REFERENCES "auth_permission" ("id") DEFERRABLE INITIALLY DEFERRED);
CREATE TABLE IF NOT EXISTS "django_admin_log" ("id" integer NOT NULL PRIMARY KEY AUTOINCREMENT, "action_time" datetime NOT NULL, "object_id" text NULL, "object_repr" varchar(200) NOT NULL, "change_message" text NOT NULL, "content_type_id" integer NULL REFERENCES "django_content_type" ("id") DEFERRABLE INITIALLY DEFERRED, "user_id" integer NOT NULL REFERENCES "auth_user" ("id") DEFERRABLE INITIALLY DEFERRED, "action_flag" smallint unsigned NOT NULL CHECK ("action_flag" >= 0));
INSERT INTO django_admin_log VALUES(1,'2022-04-14 07:29:00.400912','40','Aventus','[{"added": {"name": "\u041a\u043e\u043b\u043b\u0435\u043a\u0446\u0438\u044f", "object": "\u041a\u043e\u0432\u0440\u044b  Aventus"}}]',8,1,2);
INSERT INTO django_admin_log VALUES(2,'2022-04-14 07:29:38.480132','39','Santa Fe','[{"added": {"name": "\u041a\u043e\u043b\u043b\u0435\u043a\u0446\u0438\u044f", "object": "\u041a\u043e\u0432\u0440\u044b Santa Fe"}}]',8,1,2);
INSERT INTO django_admin_log VALUES(3,'2022-04-14 07:31:43.080689','38','Sauvage','[{"added": {"name": "\u041a\u043e\u043b\u043b\u0435\u043a\u0446\u0438\u044f", "object": "\u041a\u043e\u0432\u0440\u044b Sauvage"}}]',8,1,2);
INSERT INTO django_admin_log VALUES(4,'2022-04-14 07:32:08.623937','36','Azia','[{"added": {"name": "\u041a\u043e\u043b\u043b\u0435\u043a\u0446\u0438\u044f", "object": "\u041a\u043e\u0432\u0440\u044b Azia"}}]',8,1,2);
INSERT INTO django_admin_log VALUES(5,'2022-04-14 07:32:34.512382','33','Joynamoz','[{"added": {"name": "\u041a\u043e\u043b\u043b\u0435\u043a\u0446\u0438\u044f", "object": "\u041a\u043e\u0432\u0440\u044b Joynamoz"}}]',8,1,2);
INSERT INTO django_admin_log VALUES(6,'2022-04-14 07:33:12.540476','29','Zara Rich','[{"added": {"name": "\u041a\u043e\u043b\u043b\u0435\u043a\u0446\u0438\u044f", "object": "\u041a\u043e\u0432\u0440\u044b Zara Rich"}}]',8,1,2);
INSERT INTO django_admin_log VALUES(7,'2022-04-14 07:33:37.746543','26','Prestige','[{"added": {"name": "\u041a\u043e\u043b\u043b\u0435\u043a\u0446\u0438\u044f", "object": "\u041a\u043e\u0432\u0440\u044b Prestige"}}]',8,1,2);
INSERT INTO django_admin_log VALUES(8,'2022-04-14 07:35:53.690757','2','Creante Black','[{"added": {"name": "\u041a\u043e\u043b\u043b\u0435\u043a\u0446\u0438\u044f", "object": "\u041a\u043e\u0432\u0440\u044b Creante Black"}}]',8,1,2);
CREATE TABLE IF NOT EXISTS "django_content_type" ("id" integer NOT NULL PRIMARY KEY AUTOINCREMENT, "app_label" varchar(100) NOT NULL, "model" varchar(100) NOT NULL);
INSERT INTO django_content_type VALUES(1,'admin','logentry');
INSERT INTO django_content_type VALUES(2,'auth','permission');
INSERT INTO django_content_type VALUES(3,'auth','group');
INSERT INTO django_content_type VALUES(4,'auth','user');
INSERT INTO django_content_type VALUES(5,'contenttypes','contenttype');
INSERT INTO django_content_type VALUES(6,'sessions','session');
INSERT INTO django_content_type VALUES(7,'mainapp','city');
INSERT INTO django_content_type VALUES(8,'mainapp','collection');
INSERT INTO django_content_type VALUES(9,'mainapp','contact');
INSERT INTO django_content_type VALUES(10,'mainapp','subcollection');
INSERT INTO django_content_type VALUES(11,'mainapp','dealer');
INSERT INTO django_content_type VALUES(12,'mainapp','chatuser');
CREATE TABLE IF NOT EXISTS "auth_permission" ("id" integer NOT NULL PRIMARY KEY AUTOINCREMENT, "content_type_id" integer NOT NULL REFERENCES "django_content_type" ("id") DEFERRABLE INITIALLY DEFERRED, "codename" varchar(100) NOT NULL, "name" varchar(255) NOT NULL);
INSERT INTO auth_permission VALUES(1,1,'add_logentry','Can add log entry');
INSERT INTO auth_permission VALUES(2,1,'change_logentry','Can change log entry');
INSERT INTO auth_permission VALUES(3,1,'delete_logentry','Can delete log entry');
INSERT INTO auth_permission VALUES(4,1,'view_logentry','Can view log entry');
INSERT INTO auth_permission VALUES(5,2,'add_permission','Can add permission');
INSERT INTO auth_permission VALUES(6,2,'change_permission','Can change permission');
INSERT INTO auth_permission VALUES(7,2,'delete_permission','Can delete permission');
INSERT INTO auth_permission VALUES(8,2,'view_permission','Can view permission');
INSERT INTO auth_permission VALUES(9,3,'add_group','Can add group');
INSERT INTO auth_permission VALUES(10,3,'change_group','Can change group');
INSERT INTO auth_permission VALUES(11,3,'delete_group','Can delete group');
INSERT INTO auth_permission VALUES(12,3,'view_group','Can view group');
INSERT INTO auth_permission VALUES(13,4,'add_user','Can add user');
INSERT INTO auth_permission VALUES(14,4,'change_user','Can change user');
INSERT INTO auth_permission VALUES(15,4,'delete_user','Can delete user');
INSERT INTO auth_permission VALUES(16,4,'view_user','Can view user');
INSERT INTO auth_permission VALUES(17,5,'add_contenttype','Can add content type');
INSERT INTO auth_permission VALUES(18,5,'change_contenttype','Can change content type');
INSERT INTO auth_permission VALUES(19,5,'delete_contenttype','Can delete content type');
INSERT INTO auth_permission VALUES(20,5,'view_contenttype','Can view content type');
INSERT INTO auth_permission VALUES(21,6,'add_session','Can add session');
INSERT INTO auth_permission VALUES(22,6,'change_session','Can change session');
INSERT INTO auth_permission VALUES(23,6,'delete_session','Can delete session');
INSERT INTO auth_permission VALUES(24,6,'view_session','Can view session');
INSERT INTO auth_permission VALUES(25,7,'add_city','Can add Город');
INSERT INTO auth_permission VALUES(26,7,'change_city','Can change Город');
INSERT INTO auth_permission VALUES(27,7,'delete_city','Can delete Город');
INSERT INTO auth_permission VALUES(28,7,'view_city','Can view Город');
INSERT INTO auth_permission VALUES(29,8,'add_collection','Can add Категория');
INSERT INTO auth_permission VALUES(30,8,'change_collection','Can change Категория');
INSERT INTO auth_permission VALUES(31,8,'delete_collection','Can delete Категория');
INSERT INTO auth_permission VALUES(32,8,'view_collection','Can view Категория');
INSERT INTO auth_permission VALUES(33,9,'add_contact','Can add Контакт');
INSERT INTO auth_permission VALUES(34,9,'change_contact','Can change Контакт');
INSERT INTO auth_permission VALUES(35,9,'delete_contact','Can delete Контакт');
INSERT INTO auth_permission VALUES(36,9,'view_contact','Can view Контакт');
INSERT INTO auth_permission VALUES(37,10,'add_subcollection','Can add Коллекция');
INSERT INTO auth_permission VALUES(38,10,'change_subcollection','Can change Коллекция');
INSERT INTO auth_permission VALUES(39,10,'delete_subcollection','Can delete Коллекция');
INSERT INTO auth_permission VALUES(40,10,'view_subcollection','Can view Коллекция');
INSERT INTO auth_permission VALUES(41,11,'add_dealer','Can add Дилер');
INSERT INTO auth_permission VALUES(42,11,'change_dealer','Can change Дилер');
INSERT INTO auth_permission VALUES(43,11,'delete_dealer','Can delete Дилер');
INSERT INTO auth_permission VALUES(44,11,'view_dealer','Can view Дилер');
INSERT INTO auth_permission VALUES(45,12,'add_chatuser','Can add Пользователь');
INSERT INTO auth_permission VALUES(46,12,'change_chatuser','Can change Пользователь');
INSERT INTO auth_permission VALUES(47,12,'delete_chatuser','Can delete Пользователь');
INSERT INTO auth_permission VALUES(48,12,'view_chatuser','Can view Пользователь');
CREATE TABLE IF NOT EXISTS "auth_group" ("id" integer NOT NULL PRIMARY KEY AUTOINCREMENT, "name" varchar(150) NOT NULL UNIQUE);
CREATE TABLE IF NOT EXISTS "auth_user" ("id" integer NOT NULL PRIMARY KEY AUTOINCREMENT, "password" varchar(128) NOT NULL, "last_login" datetime NULL, "is_superuser" bool NOT NULL, "username" varchar(150) NOT NULL UNIQUE, "last_name" varchar(150) NOT NULL, "email" varchar(254) NOT NULL, "is_staff" bool NOT NULL, "is_active" bool NOT NULL, "date_joined" datetime NOT NULL, "first_name" varchar(150) NOT NULL);
INSERT INTO auth_user VALUES(1,'pbkdf2_sha256$320000$UMyhzGAOPexnbrtFYGFUYI$LN9oWpV4CI6aPoL2/JwGLUfQgRwIJQDI9CwDALzRfoc=','2022-04-14 07:10:21.192379',1,'admin','','',1,1,'2022-04-14 07:10:04.329580','');
CREATE TABLE IF NOT EXISTS "mainapp_city" ("id" integer NOT NULL PRIMARY KEY AUTOINCREMENT, "name" varchar(200) NOT NULL);
INSERT INTO mainapp_city VALUES(1,'Самарканд');
INSERT INTO mainapp_city VALUES(2,'Ташкент');
INSERT INTO mainapp_city VALUES(3,'Бухара');
INSERT INTO mainapp_city VALUES(4,'Навои');
INSERT INTO mainapp_city VALUES(5,'Джиззак');
INSERT INTO mainapp_city VALUES(6,'Карши');
INSERT INTO mainapp_city VALUES(7,'Ургенч');
INSERT INTO mainapp_city VALUES(8,'Нукус');
INSERT INTO mainapp_city VALUES(9,'Андижан');
INSERT INTO mainapp_city VALUES(10,'Шахрисабз');
INSERT INTO mainapp_city VALUES(11,'Гулистан');
INSERT INTO mainapp_city VALUES(12,'Термез');
INSERT INTO mainapp_city VALUES(13,'Наманган');
INSERT INTO mainapp_city VALUES(14,'Фергана');
INSERT INTO mainapp_city VALUES(15,'Коканд');
CREATE TABLE IF NOT EXISTS "mainapp_contact" ("id" integer NOT NULL PRIMARY KEY AUTOINCREMENT, "address" varchar(200) NOT NULL, "phone" varchar(200) NOT NULL, "site" varchar(200) NOT NULL);
CREATE TABLE IF NOT EXISTS "mainapp_dealer" ("id" integer NOT NULL PRIMARY KEY AUTOINCREMENT, "name" varchar(200) NOT NULL, "address" varchar(200) NOT NULL, "phone" varchar(200) NOT NULL, "city_id" bigint NOT NULL REFERENCES "mainapp_city" ("id") DEFERRABLE INITIALLY DEFERRED);
INSERT INTO mainapp_dealer VALUES(1,'Магазин “SAG”','ул. Спитаменшох 270 ( Ориентир: Лифтостроительный завод )','+998 (95) 500-72-72',1);
INSERT INTO mainapp_dealer VALUES(2,'Магазин “SAG”','ул. Рудакий, 193 ( Ориентир: кирпич. завод )','+998 (90) 602-83-83',1);
INSERT INTO mainapp_dealer VALUES(3,'Магазин “SAG”','ул. Рудакий 151 ( Ориентир: «Uzgazoil» )','+998 (91) 541-55-55',1);
INSERT INTO mainapp_dealer VALUES(4,'Магазин “SAG”','массив Кушбеги, ул. Малая кольцевая дорога, 14 А.','+998 (94) 676-44-22',2);
INSERT INTO mainapp_dealer VALUES(5,'Магазин “SAG”','Чиланзарский  район, ул. Богистон 4А. Ориентир: Жуковская больница(Неотложка)','+998 (95) 196-00-88',2);
INSERT INTO mainapp_dealer VALUES(6,'Магазин “SAG”','ул. Куксарой. Ориентир: напротив Тахта базара','+998 (95) 197-92-92',2);
INSERT INTO mainapp_dealer VALUES(7,'Магазин “SAG GILAMLAR OLAMI 55555”','ул. Ташкентская кольцевая автодорога. Ориентир: напротив торг. комплекса Бек-тупи.','+998 (95) 177-72-79',2);
INSERT INTO mainapp_dealer VALUES(8,'Магазин “SAG”','Кибрайский район, махалля “Чинобод”, ул. Бардавом 27.','+998 (99) 804-00-28',2);
INSERT INTO mainapp_dealer VALUES(9,'Магазин “SAG”','ул. Рудакий, 192 Ориентир: кирпич. завод','+998 (97) 927-74-00',1);
INSERT INTO mainapp_dealer VALUES(10,'Магазин “SAG”','ул. Ибн Сино 104 Ориентир: Перекрёсток, напротив колледжа Олимпийского резерва','+998 (97) 917-24-43',1);
INSERT INTO mainapp_dealer VALUES(11,'Магазин “SAG”','ул. Алпомиш 1, Ориентир: 6 Микрорайон, Спорт колледж','+998 (91) 244-88-80',3);
INSERT INTO mainapp_dealer VALUES(12,'Магазин “SAG”','ул.Ибн сино, ориентир: Пахтакор','+998 (90) 635-22-02',3);
INSERT INTO mainapp_dealer VALUES(13,'Магазин “SAG”','ул. Фидокорлар пр.1, дом 1. Ориентир: вещевой рынок','+998 (93) 611-55-55',7);
INSERT INTO mainapp_dealer VALUES(14,'Магазин “SAG”','ул. Е. Алакоз 171/2','+998 (61) 224-02-22',8);
INSERT INTO mainapp_dealer VALUES(15,'Магазин “SAG”','ул. Бештут 7А','+998 (90) 730-10-00',4);
INSERT INTO mainapp_dealer VALUES(16,'Магазин “SAG”','ул. Галаба шох кучаси, 197 Ориентир: вещевой рынок.','+998 (97) 797-88-48, +998 (91) 730-33-96',4);
INSERT INTO mainapp_dealer VALUES(17,'Магазин “SAG”','ул. Кушарик дахаси 1 уй Ориентир: напротив 9-ти этажного здания','+998 (74) 237-05-65',9);
INSERT INTO mainapp_dealer VALUES(18,'Магазин “SAG Kashmir dukoni”','ул. Мустакиллик, 21','+998 (90) 543-69-67',9);
INSERT INTO mainapp_dealer VALUES(19,'Магазин “SAG”','ул.Шароф Рашидов Ориентир: Главный офис “Beeline”','+998 (91) 565-14-14',5);
INSERT INTO mainapp_dealer VALUES(20,'Магазин “SAG”','Джизакский рынок.','+998 (90) 296-11-11',5);
INSERT INTO mainapp_dealer VALUES(21,'Магазин “SAG”','ул. Узбекистан, Карликхона, 305 Ориентир: супермаркет “Дустлик”','+998 (98) 520-15-55',6);
INSERT INTO mainapp_dealer VALUES(22,'Магазин “SAG”','ул. Ипак йули','+998 (91) 321-05-59',10);
INSERT INTO mainapp_dealer VALUES(23,'Магазин “SAG”','массив Махалля, ул. Тошкент йули','+998 (91) 500-20-09',11);
INSERT INTO mainapp_dealer VALUES(24,'Магазин “SAG”','ул. Тараккиёт, 47А','+998 (91) 583-19-99',12);
INSERT INTO mainapp_dealer VALUES(25,'Магазин “SAG”','ул. Гирвон Cой, 11','+998 (91) 352-38-00',13);
INSERT INTO mainapp_dealer VALUES(26,'Магазин “SAG”','ул. Жойдам,24. Ориентир: рядом с UzGazOil,','+998 (88) 271-04-04',14);
INSERT INTO mainapp_dealer VALUES(27,'Магазин “SAG”','ул. А.Навоий, 147А','+998 (90) 305-75-05',15);
INSERT INTO mainapp_dealer VALUES(28,'Магазин “SAG”','ул.Ибн сино, ориентир: Корзинка 2','+998 (98) 274-22-62',3);
CREATE TABLE IF NOT EXISTS "mainapp_subcollection" ("id" integer NOT NULL PRIMARY KEY AUTOINCREMENT, "name" varchar(200) NOT NULL, "link" varchar(200) NOT NULL, "collection_id" bigint NULL REFERENCES "mainapp_collection" ("id") DEFERRABLE INITIALLY DEFERRED);
INSERT INTO mainapp_subcollection VALUES(1,'Tumaris Grey 2022','https://telegra.ph/Tumaris-Grey-04-01',4);
INSERT INTO mainapp_subcollection VALUES(2,'Tumaris Beige 2022','https://telegra.ph/Tumaris-Beige-04-01',4);
INSERT INTO mainapp_subcollection VALUES(3,'Tumaris bej 2021','https://telegra.ph/Tumaris-bej-06-14',4);
INSERT INTO mainapp_subcollection VALUES(4,'Tumaris grey','https://telegra.ph/TUMARIS-GREY-12-27',4);
INSERT INTO mainapp_subcollection VALUES(5,'Ковролин - Tumaris','https://telegra.ph/TUMARIS-05-29',4);
INSERT INTO mainapp_subcollection VALUES(6,'Tumaris beige','https://telegra.ph/TUMARIS-06-22',4);
INSERT INTO mainapp_subcollection VALUES(7,'Ковры Emirkhan 2021','https://telegra.ph/Emirkhan-04-26',5);
INSERT INTO mainapp_subcollection VALUES(8,'Ковры Emirkhan','https://telegra.ph/EMIRKHAN-12-26',5);
INSERT INTO mainapp_subcollection VALUES(9,'Ковролин Emirkhan','https://telegra.ph/Emirkhan-kovrolin-09-21',5);
INSERT INTO mainapp_subcollection VALUES(10,'Effect ковер 2021','https://telegra.ph/llolorlr-04-22',28);
INSERT INTO mainapp_subcollection VALUES(11,'Effect ковролан 2021','https://telegra.ph/Effect-kovrolan-07-19',28);
INSERT INTO mainapp_subcollection VALUES(12,'Modern - ковер','https://telegra.ph/MODERN-05-08',22);
INSERT INTO mainapp_subcollection VALUES(13,'Modern - ковролан','https://telegra.ph/Modern-kovrolan-09-27',22);
INSERT INTO mainapp_subcollection VALUES(14,'Zilli 2022','https://telegra.ph/Zilli-04-06',20);
INSERT INTO mainapp_subcollection VALUES(19,'Isfahan 2022','https://telegra.ph/Isfahan-01-24',1);
INSERT INTO mainapp_subcollection VALUES(20,'Isfahan 2021','https://telegra.ph/Isfahan-06-14',1);
INSERT INTO mainapp_subcollection VALUES(21,'Zilli 2021','https://telegra.ph/Zilli---kover-11-04',20);
INSERT INTO mainapp_subcollection VALUES(22,'Zilli - ковры','https://telegra.ph/ZILLI-12-26',20);
INSERT INTO mainapp_subcollection VALUES(23,'Zilli ковролин','https://telegra.ph/Zilli-kovrolin-12-03',20);
INSERT INTO mainapp_subcollection VALUES(24,'Ковёр - Reflex Grey 2021','https://telegra.ph/Reflex-Grey-06-14',18);
INSERT INTO mainapp_subcollection VALUES(25,'Ковер - Reflex Grey 2019','https://telegra.ph/Reflex-06-19',18);
INSERT INTO mainapp_subcollection VALUES(26,'Ковролин - Reflex Grey','https://telegra.ph/kovrolin-01-29',18);
INSERT INTO mainapp_subcollection VALUES(27,'Ковер - Reflex beige 2021','https://telegra.ph/Reflex-05-06',18);
INSERT INTO mainapp_subcollection VALUES(28,'Ковер - Reflex Beige 2020','https://telegra.ph/REFLEX-BEIGE-06-21',18);
INSERT INTO mainapp_subcollection VALUES(29,'Ковролин - Reflex Beige','https://telegra.ph/RE-BEJ-01-29',18);
INSERT INTO mainapp_subcollection VALUES(30,'Ковры - Xan 2021','https://telegra.ph/Xan-03-12',30);
INSERT INTO mainapp_subcollection VALUES(31,'Ковры Xan 2020','https://telegra.ph/XAN-2020-08-17',30);
INSERT INTO mainapp_subcollection VALUES(32,'Ковры «Xan»','https://telegra.ph/XAN-06-22',30);
INSERT INTO mainapp_subcollection VALUES(33,'Ковролин - XAN 2020','https://telegra.ph/XAN-KOVROLIN-2020-03-27',30);
INSERT INTO mainapp_subcollection VALUES(34,'Ковролин - XAN 2019','https://telegra.ph/XAN-KOVROLIN-06-22',30);
INSERT INTO mainapp_subcollection VALUES(35,'Avangard 2021','https://telegra.ph/Avangard-03-12',24);
INSERT INTO mainapp_subcollection VALUES(36,'Ковер Avangard 2020','https://telegra.ph/AVANGARD-2019-05-11',24);
INSERT INTO mainapp_subcollection VALUES(37,'Avangard 2019','https://telegra.ph/AVANGARD-06-21',24);
INSERT INTO mainapp_subcollection VALUES(38,'Ковролин Avangard','https://telegra.ph/AVANGARD-Kovrolin-06-20',24);
INSERT INTO mainapp_subcollection VALUES(39,'Aristokrat ковер 2021','https://telegra.ph/ARISTOKRAT-01-22',32);
INSERT INTO mainapp_subcollection VALUES(40,'Aristokrat ковролин 2021','https://telegra.ph/Aristokrat-kovrolan-07-30',32);
INSERT INTO mainapp_subcollection VALUES(41,'Therapy - ковры','https://telegra.ph/THERAPY-03-05-2',13);
INSERT INTO mainapp_subcollection VALUES(42,'Therapy blue','https://telegra.ph/THERAPY-03-05',13);
INSERT INTO mainapp_subcollection VALUES(43,'Therapy - Ковролин','https://telegra.ph/THERAPY-11-21',13);
INSERT INTO mainapp_subcollection VALUES(44,'Therapy blue - Ковролин','https://telegra.ph/THERAPY-BLUE-Kovrolin-11-21',13);
INSERT INTO mainapp_subcollection VALUES(46,'Ponte beige','https://telegra.ph/PONTE-05-14',6);
INSERT INTO mainapp_subcollection VALUES(47,'Ponte grey','https://telegra.ph/PONTE-GREY-05-14',6);
INSERT INTO mainapp_subcollection VALUES(48,'Bali 2022','https://telegra.ph/Bali-04-08-2',17);
INSERT INTO mainapp_subcollection VALUES(49,'Bali 2020','https://telegra.ph/BALI---2020-07-27',17);
INSERT INTO mainapp_subcollection VALUES(50,'Bali 2019','https://telegra.ph/BALI-06-21',17);
INSERT INTO mainapp_subcollection VALUES(51,'Ковры «Imperial Plyus»','https://telegra.ph/IMPERIAL-PLUS-06-21',23);
INSERT INTO mainapp_subcollection VALUES(52,'Ковролины «Imperial Plyus»','https://telegra.ph/IMPERIAL-PLUS---KOVROLIN-06-21',23);
INSERT INTO mainapp_subcollection VALUES(54,'Troya Grey','https://telegra.ph/Troya-Grey-06-01',16);
INSERT INTO mainapp_subcollection VALUES(55,'Prada - ковры','https://telegra.ph/PRADA-01-08',34);
INSERT INTO mainapp_subcollection VALUES(56,'Prada ковролин','https://telegra.ph/Prada-kovrolan-01-17',34);
INSERT INTO mainapp_subcollection VALUES(57,'Silk - ковры','https://telegra.ph/Silk-12-24',35);
INSERT INTO mainapp_subcollection VALUES(58,'Silk ковролин','https://telegra.ph/Silk-Kovrolan-01-10',35);
INSERT INTO mainapp_subcollection VALUES(59,'Zilli Kids','https://telegra.ph/Zilli-Kids-01-20',20);
INSERT INTO mainapp_subcollection VALUES(60,'Classic - ковры','https://telegra.ph/Classic-05-04',31);
INSERT INTO mainapp_subcollection VALUES(61,'Classic Diadora','https://telegra.ph/CLASSIC-07-18',31);
INSERT INTO mainapp_subcollection VALUES(62,'Isfahan 2019','https://telegra.ph/ISFAHAN-06-21',1);
INSERT INTO mainapp_subcollection VALUES(64,'Rodin Grey 2022','https://telegra.ph/Rodin-Grey-01-27',14);
INSERT INTO mainapp_subcollection VALUES(65,'Rodin Beige 2022','https://telegra.ph/Rodin-Beige-01-27',14);
INSERT INTO mainapp_subcollection VALUES(66,'Rodin Grey 2021','https://telegra.ph/Rodin-collection-09-15',14);
INSERT INTO mainapp_subcollection VALUES(67,'Rodin Beige 2021','https://telegra.ph/RODIN-BEJ-03-18',14);
INSERT INTO mainapp_subcollection VALUES(68,'Rodin Red','https://telegra.ph/Rodin-red-03-12',14);
INSERT INTO mainapp_subcollection VALUES(69,'Rodin Grey','https://telegra.ph/Rodin-06-19',14);
INSERT INTO mainapp_subcollection VALUES(70,'Rodin Beige','https://telegra.ph/RODIN-BEIGE-06-21',14);
INSERT INTO mainapp_subcollection VALUES(71,'Actual 2022','https://telegra.ph/Actual-02-01',15);
INSERT INTO mainapp_subcollection VALUES(72,'Actual 2021','https://telegra.ph/Aktual-03-12',15);
INSERT INTO mainapp_subcollection VALUES(73,'Ковры «Baby» 2022','https://telegra.ph/Baby-02-04',25);
INSERT INTO mainapp_subcollection VALUES(74,'Ковры «Baby»','https://telegra.ph/BABY-06-21',25);
INSERT INTO mainapp_subcollection VALUES(75,'Ковролины «Baby»','https://telegra.ph/BABY-KOVROLIN-06-21',25);
INSERT INTO mainapp_subcollection VALUES(76,'Bambino - ковры','https://telegra.ph/Bambino-02-11',37);
INSERT INTO mainapp_subcollection VALUES(77,'Bambino ковролан','https://telegra.ph/Bambino--kovrolan-02-11',37);
INSERT INTO mainapp_subcollection VALUES(78,'Sophistic Beige','https://telegra.ph/Sophistic-Beige-03-03',41);
INSERT INTO mainapp_subcollection VALUES(79,'Sophistic Grey','https://telegra.ph/Sophistic-Grey-03-03',41);
INSERT INTO mainapp_subcollection VALUES(80,'Electra 2022','https://telegra.ph/Electra-03-11',27);
INSERT INTO mainapp_subcollection VALUES(81,'Electra 2021','https://telegra.ph/Electra-collection-07-09',27);
INSERT INTO mainapp_subcollection VALUES(82,'Emirkhan 2022','https://telegra.ph/Emirkhan-03-29',5);
INSERT INTO mainapp_subcollection VALUES(83,'asdfasdf','www.sag.uz',1);
INSERT INTO mainapp_subcollection VALUES(84,'Ковры  Aventus','https://telegra.ph/Aventus-02-22',40);
INSERT INTO mainapp_subcollection VALUES(85,'Ковры Santa Fe','https://telegra.ph/Santa-Fe-02-22',39);
INSERT INTO mainapp_subcollection VALUES(86,'Ковры Sauvage','https://telegra.ph/Sauvage-02-21',38);
INSERT INTO mainapp_subcollection VALUES(87,'Ковры Azia','https://telegra.ph/Azia-02-07',36);
INSERT INTO mainapp_subcollection VALUES(88,'Ковры Joynamoz','https://telegra.ph/JOYNAMOZ-09-23',33);
INSERT INTO mainapp_subcollection VALUES(89,'Ковры Zara Rich','https://telegra.ph/Zara-Rich-05-04',29);
INSERT INTO mainapp_subcollection VALUES(90,'Ковры Prestige','https://telegra.ph/PRESTIGE-06-05',26);
INSERT INTO mainapp_subcollection VALUES(91,'Ковры Creante Black','https://telegra.ph/Creante-Black-05-04',2);
CREATE TABLE IF NOT EXISTS "mainapp_chatuser" ("id" integer NOT NULL PRIMARY KEY AUTOINCREMENT, "user_id" bigint NOT NULL);
INSERT INTO mainapp_chatuser VALUES(2,1115944718);
INSERT INTO mainapp_chatuser VALUES(7,104566710);
INSERT INTO mainapp_chatuser VALUES(8,1022395799);
INSERT INTO mainapp_chatuser VALUES(9,912773406);
INSERT INTO mainapp_chatuser VALUES(10,93211428);
INSERT INTO mainapp_chatuser VALUES(11,370961089);
INSERT INTO mainapp_chatuser VALUES(12,2083551928);
INSERT INTO mainapp_chatuser VALUES(13,1851756423);
INSERT INTO mainapp_chatuser VALUES(14,94965557);
INSERT INTO mainapp_chatuser VALUES(15,1310594805);
INSERT INTO mainapp_chatuser VALUES(16,219490473);
INSERT INTO mainapp_chatuser VALUES(17,522119012);
INSERT INTO mainapp_chatuser VALUES(18,432308064);
INSERT INTO mainapp_chatuser VALUES(19,3855927);
INSERT INTO mainapp_chatuser VALUES(20,1825238480);
INSERT INTO mainapp_chatuser VALUES(21,787887844);
INSERT INTO mainapp_chatuser VALUES(22,2092368702);
INSERT INTO mainapp_chatuser VALUES(23,1128623040);
INSERT INTO mainapp_chatuser VALUES(24,473936097);
INSERT INTO mainapp_chatuser VALUES(25,263372870);
INSERT INTO mainapp_chatuser VALUES(26,604817052);
INSERT INTO mainapp_chatuser VALUES(27,1306667883);
INSERT INTO mainapp_chatuser VALUES(28,852986476);
INSERT INTO mainapp_chatuser VALUES(29,1072482228);
INSERT INTO mainapp_chatuser VALUES(30,54347562);
INSERT INTO mainapp_chatuser VALUES(31,48344740);
INSERT INTO mainapp_chatuser VALUES(32,36451137);
INSERT INTO mainapp_chatuser VALUES(33,739919947);
INSERT INTO mainapp_chatuser VALUES(34,223572339);
INSERT INTO mainapp_chatuser VALUES(35,-1001469043105);
INSERT INTO mainapp_chatuser VALUES(36,2071486221);
INSERT INTO mainapp_chatuser VALUES(37,615503400);
INSERT INTO mainapp_chatuser VALUES(38,635589595);
INSERT INTO mainapp_chatuser VALUES(39,5121536073);
INSERT INTO mainapp_chatuser VALUES(40,2137945637);
INSERT INTO mainapp_chatuser VALUES(41,824555873);
INSERT INTO mainapp_chatuser VALUES(42,1705534882);
INSERT INTO mainapp_chatuser VALUES(43,2120892036);
INSERT INTO mainapp_chatuser VALUES(44,511919810);
INSERT INTO mainapp_chatuser VALUES(45,1557405264);
INSERT INTO mainapp_chatuser VALUES(46,840772292);
INSERT INTO mainapp_chatuser VALUES(47,343076413);
INSERT INTO mainapp_chatuser VALUES(48,1477048160);
INSERT INTO mainapp_chatuser VALUES(49,5056294398);
INSERT INTO mainapp_chatuser VALUES(50,719394879);
INSERT INTO mainapp_chatuser VALUES(51,78095942);
INSERT INTO mainapp_chatuser VALUES(52,1114671357);
INSERT INTO mainapp_chatuser VALUES(53,325871530);
INSERT INTO mainapp_chatuser VALUES(54,334126008);
INSERT INTO mainapp_chatuser VALUES(55,1328650209);
INSERT INTO mainapp_chatuser VALUES(56,432541220);
INSERT INTO mainapp_chatuser VALUES(57,960239402);
INSERT INTO mainapp_chatuser VALUES(58,408962799);
INSERT INTO mainapp_chatuser VALUES(59,264388594);
INSERT INTO mainapp_chatuser VALUES(60,710555525);
INSERT INTO mainapp_chatuser VALUES(61,5054753891);
INSERT INTO mainapp_chatuser VALUES(62,82067613);
INSERT INTO mainapp_chatuser VALUES(63,310895620);
INSERT INTO mainapp_chatuser VALUES(64,1968947726);
INSERT INTO mainapp_chatuser VALUES(65,1760798055);
INSERT INTO mainapp_chatuser VALUES(66,1471398284);
INSERT INTO mainapp_chatuser VALUES(67,650730916);
INSERT INTO mainapp_chatuser VALUES(68,62366147);
INSERT INTO mainapp_chatuser VALUES(69,1845495199);
INSERT INTO mainapp_chatuser VALUES(70,1849755134);
INSERT INTO mainapp_chatuser VALUES(71,896838021);
INSERT INTO mainapp_chatuser VALUES(72,501911159);
INSERT INTO mainapp_chatuser VALUES(73,547684185);
INSERT INTO mainapp_chatuser VALUES(74,969262);
INSERT INTO mainapp_chatuser VALUES(75,1392815255);
INSERT INTO mainapp_chatuser VALUES(76,1120818982);
INSERT INTO mainapp_chatuser VALUES(77,941187015);
INSERT INTO mainapp_chatuser VALUES(78,420015398);
INSERT INTO mainapp_chatuser VALUES(79,86313245);
INSERT INTO mainapp_chatuser VALUES(80,843390281);
INSERT INTO mainapp_chatuser VALUES(81,881649760);
INSERT INTO mainapp_chatuser VALUES(82,652800058);
INSERT INTO mainapp_chatuser VALUES(83,1580487872);
INSERT INTO mainapp_chatuser VALUES(84,68344253);
INSERT INTO mainapp_chatuser VALUES(85,1755453151);
INSERT INTO mainapp_chatuser VALUES(86,683685072);
INSERT INTO mainapp_chatuser VALUES(87,732706798);
INSERT INTO mainapp_chatuser VALUES(88,526060);
INSERT INTO mainapp_chatuser VALUES(89,585207657);
INSERT INTO mainapp_chatuser VALUES(90,642429090);
INSERT INTO mainapp_chatuser VALUES(91,788943577);
INSERT INTO mainapp_chatuser VALUES(92,245440333);
INSERT INTO mainapp_chatuser VALUES(93,901120105);
INSERT INTO mainapp_chatuser VALUES(94,220995857);
INSERT INTO mainapp_chatuser VALUES(95,917569552);
INSERT INTO mainapp_chatuser VALUES(96,2006127623);
INSERT INTO mainapp_chatuser VALUES(97,524357407);
INSERT INTO mainapp_chatuser VALUES(98,842415404);
INSERT INTO mainapp_chatuser VALUES(99,98689001);
INSERT INTO mainapp_chatuser VALUES(100,418019284);
INSERT INTO mainapp_chatuser VALUES(101,2046246024);
INSERT INTO mainapp_chatuser VALUES(102,636934033);
INSERT INTO mainapp_chatuser VALUES(103,937079258);
INSERT INTO mainapp_chatuser VALUES(104,1318737378);
INSERT INTO mainapp_chatuser VALUES(105,5112122382);
INSERT INTO mainapp_chatuser VALUES(106,145019163);
INSERT INTO mainapp_chatuser VALUES(107,328297059);
INSERT INTO mainapp_chatuser VALUES(108,43123618);
INSERT INTO mainapp_chatuser VALUES(109,7669529);
INSERT INTO mainapp_chatuser VALUES(110,1112999810);
INSERT INTO mainapp_chatuser VALUES(111,63978382);
INSERT INTO mainapp_chatuser VALUES(112,299410586);
INSERT INTO mainapp_chatuser VALUES(113,1182958506);
INSERT INTO mainapp_chatuser VALUES(114,1146515532);
INSERT INTO mainapp_chatuser VALUES(115,1597086235);
INSERT INTO mainapp_chatuser VALUES(116,121232983);
INSERT INTO mainapp_chatuser VALUES(117,198677804);
INSERT INTO mainapp_chatuser VALUES(118,430066991);
INSERT INTO mainapp_chatuser VALUES(119,1880131700);
INSERT INTO mainapp_chatuser VALUES(120,1378623224);
INSERT INTO mainapp_chatuser VALUES(121,1201743974);
INSERT INTO mainapp_chatuser VALUES(122,1305851284);
INSERT INTO mainapp_chatuser VALUES(123,838803130);
INSERT INTO mainapp_chatuser VALUES(124,780982903);
INSERT INTO mainapp_chatuser VALUES(125,475313014);
INSERT INTO mainapp_chatuser VALUES(126,973750669);
INSERT INTO mainapp_chatuser VALUES(127,61035548);
INSERT INTO mainapp_chatuser VALUES(128,36013880);
INSERT INTO mainapp_chatuser VALUES(129,648372502);
INSERT INTO mainapp_chatuser VALUES(130,1425353324);
INSERT INTO mainapp_chatuser VALUES(131,1337060950);
INSERT INTO mainapp_chatuser VALUES(132,5078570929);
INSERT INTO mainapp_chatuser VALUES(133,1409113975);
INSERT INTO mainapp_chatuser VALUES(134,1121215803);
INSERT INTO mainapp_chatuser VALUES(135,126621303);
INSERT INTO mainapp_chatuser VALUES(136,1963654908);
INSERT INTO mainapp_chatuser VALUES(137,616278080);
INSERT INTO mainapp_chatuser VALUES(138,332995513);
INSERT INTO mainapp_chatuser VALUES(139,1256791121);
INSERT INTO mainapp_chatuser VALUES(140,1963979071);
INSERT INTO mainapp_chatuser VALUES(141,78273922);
INSERT INTO mainapp_chatuser VALUES(142,698021601);
INSERT INTO mainapp_chatuser VALUES(143,58680649);
INSERT INTO mainapp_chatuser VALUES(144,2547015);
INSERT INTO mainapp_chatuser VALUES(145,1746287965);
INSERT INTO mainapp_chatuser VALUES(146,3285471);
INSERT INTO mainapp_chatuser VALUES(147,1094694830);
INSERT INTO mainapp_chatuser VALUES(148,306019133);
INSERT INTO mainapp_chatuser VALUES(149,1644179774);
INSERT INTO mainapp_chatuser VALUES(150,696897238);
INSERT INTO mainapp_chatuser VALUES(151,371431916);
INSERT INTO mainapp_chatuser VALUES(152,1287432305);
INSERT INTO mainapp_chatuser VALUES(153,656434176);
INSERT INTO mainapp_chatuser VALUES(154,992116693);
INSERT INTO mainapp_chatuser VALUES(155,62730716);
INSERT INTO mainapp_chatuser VALUES(156,1486231195);
INSERT INTO mainapp_chatuser VALUES(157,1695809149);
INSERT INTO mainapp_chatuser VALUES(158,546476745);
INSERT INTO mainapp_chatuser VALUES(159,1336953470);
INSERT INTO mainapp_chatuser VALUES(160,1887371028);
INSERT INTO mainapp_chatuser VALUES(161,331055645);
INSERT INTO mainapp_chatuser VALUES(162,69370998);
INSERT INTO mainapp_chatuser VALUES(163,969409932);
INSERT INTO mainapp_chatuser VALUES(164,467857542);
INSERT INTO mainapp_chatuser VALUES(165,2102470692);
INSERT INTO mainapp_chatuser VALUES(166,784325405);
INSERT INTO mainapp_chatuser VALUES(167,580786382);
INSERT INTO mainapp_chatuser VALUES(168,71291403);
INSERT INTO mainapp_chatuser VALUES(169,30763161);
INSERT INTO mainapp_chatuser VALUES(170,157790225);
INSERT INTO mainapp_chatuser VALUES(171,635607267);
INSERT INTO mainapp_chatuser VALUES(172,1884224319);
INSERT INTO mainapp_chatuser VALUES(173,33443584);
INSERT INTO mainapp_chatuser VALUES(174,5087444595);
INSERT INTO mainapp_chatuser VALUES(175,882146511);
INSERT INTO mainapp_chatuser VALUES(176,939021036);
INSERT INTO mainapp_chatuser VALUES(177,910809128);
INSERT INTO mainapp_chatuser VALUES(178,336318855);
INSERT INTO mainapp_chatuser VALUES(179,1553503355);
INSERT INTO mainapp_chatuser VALUES(180,1380307891);
INSERT INTO mainapp_chatuser VALUES(181,709848175);
INSERT INTO mainapp_chatuser VALUES(182,798517747);
INSERT INTO mainapp_chatuser VALUES(183,184382383);
INSERT INTO mainapp_chatuser VALUES(184,1245340);
INSERT INTO mainapp_chatuser VALUES(185,186683284);
INSERT INTO mainapp_chatuser VALUES(186,398795646);
INSERT INTO mainapp_chatuser VALUES(187,44403495);
INSERT INTO mainapp_chatuser VALUES(188,958015456);
INSERT INTO mainapp_chatuser VALUES(189,937712318);
INSERT INTO mainapp_chatuser VALUES(190,753494661);
INSERT INTO mainapp_chatuser VALUES(191,43423828);
INSERT INTO mainapp_chatuser VALUES(192,1412867568);
INSERT INTO mainapp_chatuser VALUES(193,462482376);
INSERT INTO mainapp_chatuser VALUES(194,113349533);
INSERT INTO mainapp_chatuser VALUES(195,52870702);
INSERT INTO mainapp_chatuser VALUES(196,924895520);
INSERT INTO mainapp_chatuser VALUES(197,2126320);
INSERT INTO mainapp_chatuser VALUES(198,1184719373);
INSERT INTO mainapp_chatuser VALUES(199,518970304);
INSERT INTO mainapp_chatuser VALUES(200,497542);
INSERT INTO mainapp_chatuser VALUES(201,820233111);
INSERT INTO mainapp_chatuser VALUES(202,5128947369);
INSERT INTO mainapp_chatuser VALUES(203,94809490);
INSERT INTO mainapp_chatuser VALUES(204,1759900732);
INSERT INTO mainapp_chatuser VALUES(205,484303171);
INSERT INTO mainapp_chatuser VALUES(206,1297749968);
INSERT INTO mainapp_chatuser VALUES(207,530205257);
INSERT INTO mainapp_chatuser VALUES(208,323495482);
INSERT INTO mainapp_chatuser VALUES(209,206768770);
INSERT INTO mainapp_chatuser VALUES(210,1022107375);
INSERT INTO mainapp_chatuser VALUES(211,481534216);
INSERT INTO mainapp_chatuser VALUES(212,515053423);
INSERT INTO mainapp_chatuser VALUES(213,1965046621);
INSERT INTO mainapp_chatuser VALUES(214,1881507312);
INSERT INTO mainapp_chatuser VALUES(215,778869183);
INSERT INTO mainapp_chatuser VALUES(216,890849574);
INSERT INTO mainapp_chatuser VALUES(217,471118736);
INSERT INTO mainapp_chatuser VALUES(218,10902663);
INSERT INTO mainapp_chatuser VALUES(219,344033676);
INSERT INTO mainapp_chatuser VALUES(220,530297109);
INSERT INTO mainapp_chatuser VALUES(221,108064847);
INSERT INTO mainapp_chatuser VALUES(222,50516611);
INSERT INTO mainapp_chatuser VALUES(223,384157088);
INSERT INTO mainapp_chatuser VALUES(224,765634969);
INSERT INTO mainapp_chatuser VALUES(225,508233836);
INSERT INTO mainapp_chatuser VALUES(226,572903718);
INSERT INTO mainapp_chatuser VALUES(227,201561227);
INSERT INTO mainapp_chatuser VALUES(228,1280239448);
INSERT INTO mainapp_chatuser VALUES(229,539218051);
INSERT INTO mainapp_chatuser VALUES(230,1360283459);
INSERT INTO mainapp_chatuser VALUES(231,391480511);
INSERT INTO mainapp_chatuser VALUES(232,934161);
INSERT INTO mainapp_chatuser VALUES(233,1924436);
INSERT INTO mainapp_chatuser VALUES(234,1368932065);
INSERT INTO mainapp_chatuser VALUES(235,301624606);
INSERT INTO mainapp_chatuser VALUES(236,63933179);
INSERT INTO mainapp_chatuser VALUES(237,1978052298);
INSERT INTO mainapp_chatuser VALUES(238,454648697);
INSERT INTO mainapp_chatuser VALUES(239,207241186);
INSERT INTO mainapp_chatuser VALUES(240,1984926233);
INSERT INTO mainapp_chatuser VALUES(241,715565413);
INSERT INTO mainapp_chatuser VALUES(242,5095615444);
INSERT INTO mainapp_chatuser VALUES(243,175597821);
INSERT INTO mainapp_chatuser VALUES(244,715082144);
INSERT INTO mainapp_chatuser VALUES(245,677485349);
INSERT INTO mainapp_chatuser VALUES(246,584029405);
INSERT INTO mainapp_chatuser VALUES(247,5152416339);
INSERT INTO mainapp_chatuser VALUES(248,184168255);
INSERT INTO mainapp_chatuser VALUES(249,71137523);
INSERT INTO mainapp_chatuser VALUES(250,5069305153);
INSERT INTO mainapp_chatuser VALUES(251,922910654);
INSERT INTO mainapp_chatuser VALUES(252,906794360);
INSERT INTO mainapp_chatuser VALUES(253,1313741281);
INSERT INTO mainapp_chatuser VALUES(254,1219092414);
INSERT INTO mainapp_chatuser VALUES(255,870930807);
INSERT INTO mainapp_chatuser VALUES(256,5062025159);
INSERT INTO mainapp_chatuser VALUES(257,1954990705);
INSERT INTO mainapp_chatuser VALUES(258,1423298533);
INSERT INTO mainapp_chatuser VALUES(259,90740046);
INSERT INTO mainapp_chatuser VALUES(260,748008905);
INSERT INTO mainapp_chatuser VALUES(261,614973145);
INSERT INTO mainapp_chatuser VALUES(262,2745922);
INSERT INTO mainapp_chatuser VALUES(263,537803626);
INSERT INTO mainapp_chatuser VALUES(264,436570868);
INSERT INTO mainapp_chatuser VALUES(265,1245533633);
INSERT INTO mainapp_chatuser VALUES(266,644416140);
INSERT INTO mainapp_chatuser VALUES(267,96153666);
INSERT INTO mainapp_chatuser VALUES(268,819384754);
INSERT INTO mainapp_chatuser VALUES(269,729380495);
INSERT INTO mainapp_chatuser VALUES(270,1066332460);
INSERT INTO mainapp_chatuser VALUES(271,1065823463);
INSERT INTO mainapp_chatuser VALUES(272,509371070);
INSERT INTO mainapp_chatuser VALUES(273,2115679181);
INSERT INTO mainapp_chatuser VALUES(274,92859125);
INSERT INTO mainapp_chatuser VALUES(275,105781698);
INSERT INTO mainapp_chatuser VALUES(276,1069158387);
INSERT INTO mainapp_chatuser VALUES(277,961987483);
INSERT INTO mainapp_chatuser VALUES(278,515557571);
INSERT INTO mainapp_chatuser VALUES(279,434037182);
INSERT INTO mainapp_chatuser VALUES(280,179358036);
INSERT INTO mainapp_chatuser VALUES(281,1606347866);
INSERT INTO mainapp_chatuser VALUES(282,1066823069);
INSERT INTO mainapp_chatuser VALUES(283,265939312);
INSERT INTO mainapp_chatuser VALUES(284,50212927);
INSERT INTO mainapp_chatuser VALUES(285,1734459588);
INSERT INTO mainapp_chatuser VALUES(286,192501499);
INSERT INTO mainapp_chatuser VALUES(287,568064960);
INSERT INTO mainapp_chatuser VALUES(288,508307162);
INSERT INTO mainapp_chatuser VALUES(289,188115390);
INSERT INTO mainapp_chatuser VALUES(290,528776831);
INSERT INTO mainapp_chatuser VALUES(291,61900367);
INSERT INTO mainapp_chatuser VALUES(292,814149706);
INSERT INTO mainapp_chatuser VALUES(293,1125515090);
INSERT INTO mainapp_chatuser VALUES(294,212078792);
INSERT INTO mainapp_chatuser VALUES(295,1337889535);
INSERT INTO mainapp_chatuser VALUES(296,1248350);
INSERT INTO mainapp_chatuser VALUES(297,641745627);
INSERT INTO mainapp_chatuser VALUES(298,841431819);
INSERT INTO mainapp_chatuser VALUES(299,1828113737);
INSERT INTO mainapp_chatuser VALUES(300,551810581);
INSERT INTO mainapp_chatuser VALUES(301,317386738);
INSERT INTO mainapp_chatuser VALUES(302,571436017);
INSERT INTO mainapp_chatuser VALUES(303,1041613293);
INSERT INTO mainapp_chatuser VALUES(304,934330563);
INSERT INTO mainapp_chatuser VALUES(305,323103734);
INSERT INTO mainapp_chatuser VALUES(306,533762428);
INSERT INTO mainapp_chatuser VALUES(307,1780640814);
INSERT INTO mainapp_chatuser VALUES(308,756849646);
INSERT INTO mainapp_chatuser VALUES(309,5229234776);
INSERT INTO mainapp_chatuser VALUES(310,185772906);
INSERT INTO mainapp_chatuser VALUES(311,341296723);
INSERT INTO mainapp_chatuser VALUES(312,217120685);
INSERT INTO mainapp_chatuser VALUES(313,49410837);
INSERT INTO mainapp_chatuser VALUES(314,1572941619);
INSERT INTO mainapp_chatuser VALUES(315,528263255);
INSERT INTO mainapp_chatuser VALUES(316,27730389);
INSERT INTO mainapp_chatuser VALUES(317,2025505695);
INSERT INTO mainapp_chatuser VALUES(318,545824625);
INSERT INTO mainapp_chatuser VALUES(319,1595402497);
INSERT INTO mainapp_chatuser VALUES(320,218477331);
INSERT INTO mainapp_chatuser VALUES(321,60551616);
INSERT INTO mainapp_chatuser VALUES(322,1378609709);
INSERT INTO mainapp_chatuser VALUES(323,1853676186);
INSERT INTO mainapp_chatuser VALUES(324,250366060);
INSERT INTO mainapp_chatuser VALUES(325,135856053);
INSERT INTO mainapp_chatuser VALUES(326,233526829);
INSERT INTO mainapp_chatuser VALUES(327,688379596);
INSERT INTO mainapp_chatuser VALUES(328,5244681910);
INSERT INTO mainapp_chatuser VALUES(329,508736557);
INSERT INTO mainapp_chatuser VALUES(330,38132175);
INSERT INTO mainapp_chatuser VALUES(331,296723994);
INSERT INTO mainapp_chatuser VALUES(332,1225283165);
INSERT INTO mainapp_chatuser VALUES(333,907033399);
INSERT INTO mainapp_chatuser VALUES(334,345001222);
INSERT INTO mainapp_chatuser VALUES(335,1775625853);
INSERT INTO mainapp_chatuser VALUES(336,852684381);
INSERT INTO mainapp_chatuser VALUES(337,1241052490);
INSERT INTO mainapp_chatuser VALUES(338,834548575);
INSERT INTO mainapp_chatuser VALUES(339,5083904279);
INSERT INTO mainapp_chatuser VALUES(340,788053677);
INSERT INTO mainapp_chatuser VALUES(341,1204042403);
INSERT INTO mainapp_chatuser VALUES(342,459199886);
INSERT INTO mainapp_chatuser VALUES(343,856112116);
INSERT INTO mainapp_chatuser VALUES(344,826378889);
INSERT INTO mainapp_chatuser VALUES(345,738080881);
INSERT INTO mainapp_chatuser VALUES(346,747648794);
INSERT INTO mainapp_chatuser VALUES(347,573644487);
INSERT INTO mainapp_chatuser VALUES(348,1210129207);
INSERT INTO mainapp_chatuser VALUES(349,1620918258);
INSERT INTO mainapp_chatuser VALUES(350,5045367136);
INSERT INTO mainapp_chatuser VALUES(351,994119709);
INSERT INTO mainapp_chatuser VALUES(352,490832425);
INSERT INTO mainapp_chatuser VALUES(353,892310270);
INSERT INTO mainapp_chatuser VALUES(354,91069352);
INSERT INTO mainapp_chatuser VALUES(355,5137465993);
INSERT INTO mainapp_chatuser VALUES(356,442008274);
INSERT INTO mainapp_chatuser VALUES(357,611205034);
INSERT INTO mainapp_chatuser VALUES(358,1306879282);
INSERT INTO mainapp_chatuser VALUES(359,815084166);
INSERT INTO mainapp_chatuser VALUES(360,1862708955);
INSERT INTO mainapp_chatuser VALUES(361,113089677);
INSERT INTO mainapp_chatuser VALUES(362,47333206);
INSERT INTO mainapp_chatuser VALUES(363,237397973);
INSERT INTO mainapp_chatuser VALUES(364,138015911);
INSERT INTO mainapp_chatuser VALUES(365,440640839);
INSERT INTO mainapp_chatuser VALUES(366,86908688);
INSERT INTO mainapp_chatuser VALUES(367,778000317);
INSERT INTO mainapp_chatuser VALUES(368,47407658);
INSERT INTO mainapp_chatuser VALUES(369,234549608);
INSERT INTO mainapp_chatuser VALUES(370,816434280);
INSERT INTO mainapp_chatuser VALUES(371,927695474);
INSERT INTO mainapp_chatuser VALUES(372,236835333);
INSERT INTO mainapp_chatuser VALUES(373,676357658);
INSERT INTO mainapp_chatuser VALUES(374,2135699661);
INSERT INTO mainapp_chatuser VALUES(375,5159936845);
INSERT INTO mainapp_chatuser VALUES(376,1263059318);
INSERT INTO mainapp_chatuser VALUES(377,793189306);
INSERT INTO mainapp_chatuser VALUES(378,1063627441);
INSERT INTO mainapp_chatuser VALUES(379,100238333);
INSERT INTO mainapp_chatuser VALUES(380,2093450583);
INSERT INTO mainapp_chatuser VALUES(381,870034977);
INSERT INTO mainapp_chatuser VALUES(382,64724464);
INSERT INTO mainapp_chatuser VALUES(383,692351756);
INSERT INTO mainapp_chatuser VALUES(384,155044);
INSERT INTO mainapp_chatuser VALUES(385,34548833);
INSERT INTO mainapp_chatuser VALUES(386,530607192);
INSERT INTO mainapp_chatuser VALUES(387,1187293605);
INSERT INTO mainapp_chatuser VALUES(388,285600608);
INSERT INTO mainapp_chatuser VALUES(389,440110760);
INSERT INTO mainapp_chatuser VALUES(390,510351089);
INSERT INTO mainapp_chatuser VALUES(391,2561441);
INSERT INTO mainapp_chatuser VALUES(392,750390337);
INSERT INTO mainapp_chatuser VALUES(393,750595860);
INSERT INTO mainapp_chatuser VALUES(394,1995569183);
INSERT INTO mainapp_chatuser VALUES(395,641483135);
INSERT INTO mainapp_chatuser VALUES(396,5051514085);
INSERT INTO mainapp_chatuser VALUES(397,126549750);
INSERT INTO mainapp_chatuser VALUES(398,1889175343);
INSERT INTO mainapp_chatuser VALUES(399,1670451282);
INSERT INTO mainapp_chatuser VALUES(400,1419390764);
INSERT INTO mainapp_chatuser VALUES(401,55085209);
INSERT INTO mainapp_chatuser VALUES(402,1464105337);
INSERT INTO mainapp_chatuser VALUES(403,1651191513);
INSERT INTO mainapp_chatuser VALUES(404,5076207022);
INSERT INTO mainapp_chatuser VALUES(405,181919043);
INSERT INTO mainapp_chatuser VALUES(406,907526511);
INSERT INTO mainapp_chatuser VALUES(407,447761165);
INSERT INTO mainapp_chatuser VALUES(408,2028961244);
INSERT INTO mainapp_chatuser VALUES(409,5050792604);
INSERT INTO mainapp_chatuser VALUES(410,1288918576);
INSERT INTO mainapp_chatuser VALUES(411,450815736);
INSERT INTO mainapp_chatuser VALUES(412,438519364);
INSERT INTO mainapp_chatuser VALUES(413,617721831);
INSERT INTO mainapp_chatuser VALUES(414,1509098);
INSERT INTO mainapp_chatuser VALUES(415,105622254);
INSERT INTO mainapp_chatuser VALUES(416,44992781);
INSERT INTO mainapp_chatuser VALUES(417,803185313);
INSERT INTO mainapp_chatuser VALUES(418,96639468);
INSERT INTO mainapp_chatuser VALUES(419,4766524);
INSERT INTO mainapp_chatuser VALUES(420,346958172);
INSERT INTO mainapp_chatuser VALUES(421,1366800977);
INSERT INTO mainapp_chatuser VALUES(422,194203070);
INSERT INTO mainapp_chatuser VALUES(423,29523630);
INSERT INTO mainapp_chatuser VALUES(424,1524065096);
INSERT INTO mainapp_chatuser VALUES(425,719849723);
INSERT INTO mainapp_chatuser VALUES(426,892082662);
INSERT INTO mainapp_chatuser VALUES(427,272905510);
INSERT INTO mainapp_chatuser VALUES(428,833039541);
INSERT INTO mainapp_chatuser VALUES(429,195232106);
INSERT INTO mainapp_chatuser VALUES(430,945367949);
INSERT INTO mainapp_chatuser VALUES(431,293908400);
INSERT INTO mainapp_chatuser VALUES(432,256403419);
INSERT INTO mainapp_chatuser VALUES(433,157970454);
INSERT INTO mainapp_chatuser VALUES(434,2738969);
INSERT INTO mainapp_chatuser VALUES(435,696696761);
INSERT INTO mainapp_chatuser VALUES(436,363471426);
INSERT INTO mainapp_chatuser VALUES(437,71899191);
INSERT INTO mainapp_chatuser VALUES(438,509324005);
INSERT INTO mainapp_chatuser VALUES(439,1812877466);
INSERT INTO mainapp_chatuser VALUES(440,291418376);
INSERT INTO mainapp_chatuser VALUES(441,114620877);
INSERT INTO mainapp_chatuser VALUES(442,122732675);
INSERT INTO mainapp_chatuser VALUES(443,1612616989);
INSERT INTO mainapp_chatuser VALUES(444,1094313625);
INSERT INTO mainapp_chatuser VALUES(445,1058116884);
INSERT INTO mainapp_chatuser VALUES(446,2656238);
INSERT INTO mainapp_chatuser VALUES(447,613402975);
INSERT INTO mainapp_chatuser VALUES(448,2091037078);
INSERT INTO mainapp_chatuser VALUES(449,177667409);
INSERT INTO mainapp_chatuser VALUES(450,1622801291);
INSERT INTO mainapp_chatuser VALUES(451,1541781606);
INSERT INTO mainapp_chatuser VALUES(452,1046830799);
INSERT INTO mainapp_chatuser VALUES(453,394792754);
INSERT INTO mainapp_chatuser VALUES(454,33839110);
INSERT INTO mainapp_chatuser VALUES(455,218544726);
INSERT INTO mainapp_chatuser VALUES(456,5174056591);
INSERT INTO mainapp_chatuser VALUES(457,669556866);
INSERT INTO mainapp_chatuser VALUES(458,501518688);
INSERT INTO mainapp_chatuser VALUES(459,100926885);
INSERT INTO mainapp_chatuser VALUES(460,1856793341);
INSERT INTO mainapp_chatuser VALUES(461,169207199);
INSERT INTO mainapp_chatuser VALUES(462,76935095);
INSERT INTO mainapp_chatuser VALUES(463,468101927);
INSERT INTO mainapp_chatuser VALUES(464,721618606);
INSERT INTO mainapp_chatuser VALUES(465,785317740);
INSERT INTO mainapp_chatuser VALUES(466,1071593027);
INSERT INTO mainapp_chatuser VALUES(467,1390948971);
INSERT INTO mainapp_chatuser VALUES(468,36622660);
INSERT INTO mainapp_chatuser VALUES(469,6055146);
INSERT INTO mainapp_chatuser VALUES(470,823466136);
INSERT INTO mainapp_chatuser VALUES(471,1557054526);
INSERT INTO mainapp_chatuser VALUES(472,498450603);
INSERT INTO mainapp_chatuser VALUES(473,1051413801);
INSERT INTO mainapp_chatuser VALUES(474,209762818);
INSERT INTO mainapp_chatuser VALUES(475,671381271);
INSERT INTO mainapp_chatuser VALUES(476,86943839);
INSERT INTO mainapp_chatuser VALUES(477,5290318403);
INSERT INTO mainapp_chatuser VALUES(478,456828236);
INSERT INTO mainapp_chatuser VALUES(479,2121613106);
INSERT INTO mainapp_chatuser VALUES(480,138431316);
INSERT INTO mainapp_chatuser VALUES(481,44010447);
INSERT INTO mainapp_chatuser VALUES(482,196000945);
INSERT INTO mainapp_chatuser VALUES(483,260068186);
INSERT INTO mainapp_chatuser VALUES(484,592319275);
INSERT INTO mainapp_chatuser VALUES(485,748772782);
INSERT INTO mainapp_chatuser VALUES(486,269570908);
INSERT INTO mainapp_chatuser VALUES(487,1042320663);
INSERT INTO mainapp_chatuser VALUES(488,2048514738);
INSERT INTO mainapp_chatuser VALUES(489,447526034);
INSERT INTO mainapp_chatuser VALUES(490,1217705460);
INSERT INTO mainapp_chatuser VALUES(491,234822716);
INSERT INTO mainapp_chatuser VALUES(492,1077420083);
INSERT INTO mainapp_chatuser VALUES(493,45357751);
INSERT INTO mainapp_chatuser VALUES(494,5077212416);
INSERT INTO mainapp_chatuser VALUES(495,722968516);
INSERT INTO mainapp_chatuser VALUES(496,1382705526);
INSERT INTO mainapp_chatuser VALUES(497,90631274);
INSERT INTO mainapp_chatuser VALUES(498,1211927645);
INSERT INTO mainapp_chatuser VALUES(499,300580614);
INSERT INTO mainapp_chatuser VALUES(500,507516250);
INSERT INTO mainapp_chatuser VALUES(501,3154479);
INSERT INTO mainapp_chatuser VALUES(502,704439688);
INSERT INTO mainapp_chatuser VALUES(503,503881888);
INSERT INTO mainapp_chatuser VALUES(504,542376705);
INSERT INTO mainapp_chatuser VALUES(505,989537951);
INSERT INTO mainapp_chatuser VALUES(506,102312607);
INSERT INTO mainapp_chatuser VALUES(507,1687422620);
INSERT INTO mainapp_chatuser VALUES(508,701944107);
INSERT INTO mainapp_chatuser VALUES(509,49233169);
INSERT INTO mainapp_chatuser VALUES(510,154898305);
INSERT INTO mainapp_chatuser VALUES(511,565294900);
INSERT INTO mainapp_chatuser VALUES(512,488170205);
INSERT INTO mainapp_chatuser VALUES(513,766948094);
INSERT INTO mainapp_chatuser VALUES(514,429533769);
INSERT INTO mainapp_chatuser VALUES(515,76314200);
INSERT INTO mainapp_chatuser VALUES(516,1183322379);
INSERT INTO mainapp_chatuser VALUES(517,53075871);
INSERT INTO mainapp_chatuser VALUES(518,326316232);
INSERT INTO mainapp_chatuser VALUES(519,306337271);
INSERT INTO mainapp_chatuser VALUES(520,950419148);
INSERT INTO mainapp_chatuser VALUES(521,704718429);
INSERT INTO mainapp_chatuser VALUES(522,620678615);
INSERT INTO mainapp_chatuser VALUES(523,756254820);
INSERT INTO mainapp_chatuser VALUES(524,426567368);
INSERT INTO mainapp_chatuser VALUES(525,5059447650);
INSERT INTO mainapp_chatuser VALUES(526,1501353876);
INSERT INTO mainapp_chatuser VALUES(527,504017238);
INSERT INTO mainapp_chatuser VALUES(528,301368001);
INSERT INTO mainapp_chatuser VALUES(529,103425279);
INSERT INTO mainapp_chatuser VALUES(530,44315447);
INSERT INTO mainapp_chatuser VALUES(531,1399820);
INSERT INTO mainapp_chatuser VALUES(532,1493800298);
INSERT INTO mainapp_chatuser VALUES(533,515446681);
INSERT INTO mainapp_chatuser VALUES(534,2411465);
INSERT INTO mainapp_chatuser VALUES(535,1924188347);
INSERT INTO mainapp_chatuser VALUES(536,780035465);
INSERT INTO mainapp_chatuser VALUES(537,34406743);
INSERT INTO mainapp_chatuser VALUES(538,51000320);
INSERT INTO mainapp_chatuser VALUES(539,824335916);
INSERT INTO mainapp_chatuser VALUES(540,1696077787);
INSERT INTO mainapp_chatuser VALUES(541,1480408991);
INSERT INTO mainapp_chatuser VALUES(542,946916339);
INSERT INTO mainapp_chatuser VALUES(543,440936167);
INSERT INTO mainapp_chatuser VALUES(544,264582504);
INSERT INTO mainapp_chatuser VALUES(545,116367907);
INSERT INTO mainapp_chatuser VALUES(546,968849666);
INSERT INTO mainapp_chatuser VALUES(547,63580821);
INSERT INTO mainapp_chatuser VALUES(548,324194255);
INSERT INTO mainapp_chatuser VALUES(549,793580793);
INSERT INTO mainapp_chatuser VALUES(550,915983859);
INSERT INTO mainapp_chatuser VALUES(551,1367595409);
INSERT INTO mainapp_chatuser VALUES(552,768453592);
INSERT INTO mainapp_chatuser VALUES(553,372290588);
INSERT INTO mainapp_chatuser VALUES(554,5100521715);
INSERT INTO mainapp_chatuser VALUES(555,302093165);
INSERT INTO mainapp_chatuser VALUES(556,1989857278);
INSERT INTO mainapp_chatuser VALUES(557,329440772);
INSERT INTO mainapp_chatuser VALUES(558,83079268);
INSERT INTO mainapp_chatuser VALUES(559,1731944579);
INSERT INTO mainapp_chatuser VALUES(560,239464410);
INSERT INTO mainapp_chatuser VALUES(561,557500);
INSERT INTO mainapp_chatuser VALUES(562,624201995);
INSERT INTO mainapp_chatuser VALUES(563,282160220);
INSERT INTO mainapp_chatuser VALUES(564,1285166140);
INSERT INTO mainapp_chatuser VALUES(565,950941388);
INSERT INTO mainapp_chatuser VALUES(566,252437735);
INSERT INTO mainapp_chatuser VALUES(567,879808784);
INSERT INTO mainapp_chatuser VALUES(568,870735766);
INSERT INTO mainapp_chatuser VALUES(569,193545432);
INSERT INTO mainapp_chatuser VALUES(570,70340306);
INSERT INTO mainapp_chatuser VALUES(571,1372788167);
INSERT INTO mainapp_chatuser VALUES(572,45017910);
INSERT INTO mainapp_chatuser VALUES(573,420364402);
INSERT INTO mainapp_chatuser VALUES(574,834106828);
INSERT INTO mainapp_chatuser VALUES(575,225313456);
INSERT INTO mainapp_chatuser VALUES(576,419042574);
INSERT INTO mainapp_chatuser VALUES(577,882431477);
INSERT INTO mainapp_chatuser VALUES(578,2031695773);
INSERT INTO mainapp_chatuser VALUES(579,1662536193);
INSERT INTO mainapp_chatuser VALUES(580,1785259381);
INSERT INTO mainapp_chatuser VALUES(581,500392837);
INSERT INTO mainapp_chatuser VALUES(582,778618010);
INSERT INTO mainapp_chatuser VALUES(583,1085437110);
INSERT INTO mainapp_chatuser VALUES(584,415569092);
INSERT INTO mainapp_chatuser VALUES(585,227008466);
INSERT INTO mainapp_chatuser VALUES(586,384103794);
INSERT INTO mainapp_chatuser VALUES(587,102385315);
INSERT INTO mainapp_chatuser VALUES(588,401848930);
INSERT INTO mainapp_chatuser VALUES(589,722183460);
INSERT INTO mainapp_chatuser VALUES(590,1483685206);
INSERT INTO mainapp_chatuser VALUES(591,295519879);
INSERT INTO mainapp_chatuser VALUES(592,870093);
INSERT INTO mainapp_chatuser VALUES(593,2003861829);
INSERT INTO mainapp_chatuser VALUES(594,1840582);
INSERT INTO mainapp_chatuser VALUES(595,921455465);
INSERT INTO mainapp_chatuser VALUES(596,946201287);
INSERT INTO mainapp_chatuser VALUES(597,178906635);
INSERT INTO mainapp_chatuser VALUES(598,1062126262);
INSERT INTO mainapp_chatuser VALUES(599,818137659);
INSERT INTO mainapp_chatuser VALUES(600,356488915);
INSERT INTO mainapp_chatuser VALUES(601,1334247871);
INSERT INTO mainapp_chatuser VALUES(602,671202260);
INSERT INTO mainapp_chatuser VALUES(603,259809335);
INSERT INTO mainapp_chatuser VALUES(604,721888272);
INSERT INTO mainapp_chatuser VALUES(605,1319786125);
INSERT INTO mainapp_chatuser VALUES(606,251932499);
INSERT INTO mainapp_chatuser VALUES(607,788214744);
INSERT INTO mainapp_chatuser VALUES(608,805789571);
INSERT INTO mainapp_chatuser VALUES(609,66694890);
INSERT INTO mainapp_chatuser VALUES(610,1276191680);
INSERT INTO mainapp_chatuser VALUES(611,513334040);
INSERT INTO mainapp_chatuser VALUES(612,495287786);
INSERT INTO mainapp_chatuser VALUES(613,70000602);
INSERT INTO mainapp_chatuser VALUES(614,238544072);
INSERT INTO mainapp_chatuser VALUES(615,266342642);
INSERT INTO mainapp_chatuser VALUES(616,236854882);
INSERT INTO mainapp_chatuser VALUES(617,776107999);
INSERT INTO mainapp_chatuser VALUES(618,1250991811);
INSERT INTO mainapp_chatuser VALUES(619,118142197);
INSERT INTO mainapp_chatuser VALUES(620,945228631);
INSERT INTO mainapp_chatuser VALUES(621,1236167345);
INSERT INTO mainapp_chatuser VALUES(622,11038514);
INSERT INTO mainapp_chatuser VALUES(623,452102197);
INSERT INTO mainapp_chatuser VALUES(624,96103602);
INSERT INTO mainapp_chatuser VALUES(625,207170671);
INSERT INTO mainapp_chatuser VALUES(626,246657512);
INSERT INTO mainapp_chatuser VALUES(627,480368325);
INSERT INTO mainapp_chatuser VALUES(628,317914330);
INSERT INTO mainapp_chatuser VALUES(629,1054814263);
INSERT INTO mainapp_chatuser VALUES(630,1294914608);
INSERT INTO mainapp_chatuser VALUES(631,2064735587);
INSERT INTO mainapp_chatuser VALUES(632,731539873);
INSERT INTO mainapp_chatuser VALUES(633,1238138359);
INSERT INTO mainapp_chatuser VALUES(634,590644053);
INSERT INTO mainapp_chatuser VALUES(635,691063310);
INSERT INTO mainapp_chatuser VALUES(636,875851191);
INSERT INTO mainapp_chatuser VALUES(637,989114020);
INSERT INTO mainapp_chatuser VALUES(638,1741544090);
INSERT INTO mainapp_chatuser VALUES(639,319887631);
INSERT INTO mainapp_chatuser VALUES(640,579391542);
INSERT INTO mainapp_chatuser VALUES(641,1719440084);
INSERT INTO mainapp_chatuser VALUES(642,589459119);
INSERT INTO mainapp_chatuser VALUES(643,82439281);
INSERT INTO mainapp_chatuser VALUES(644,2089109298);
INSERT INTO mainapp_chatuser VALUES(645,862823976);
INSERT INTO mainapp_chatuser VALUES(646,1278881762);
INSERT INTO mainapp_chatuser VALUES(647,125612818);
INSERT INTO mainapp_chatuser VALUES(648,1630079046);
INSERT INTO mainapp_chatuser VALUES(649,348240343);
INSERT INTO mainapp_chatuser VALUES(650,725626090);
INSERT INTO mainapp_chatuser VALUES(651,1622531909);
INSERT INTO mainapp_chatuser VALUES(652,1507974912);
INSERT INTO mainapp_chatuser VALUES(653,775213466);
INSERT INTO mainapp_chatuser VALUES(654,345081433);
INSERT INTO mainapp_chatuser VALUES(655,1390461686);
INSERT INTO mainapp_chatuser VALUES(656,5228845718);
INSERT INTO mainapp_chatuser VALUES(657,836706998);
INSERT INTO mainapp_chatuser VALUES(658,110867812);
INSERT INTO mainapp_chatuser VALUES(659,326236932);
INSERT INTO mainapp_chatuser VALUES(660,625024097);
INSERT INTO mainapp_chatuser VALUES(661,1987509563);
INSERT INTO mainapp_chatuser VALUES(662,635746541);
INSERT INTO mainapp_chatuser VALUES(663,2071397153);
INSERT INTO mainapp_chatuser VALUES(664,5068300210);
INSERT INTO mainapp_chatuser VALUES(665,54916711);
INSERT INTO mainapp_chatuser VALUES(666,1595039898);
INSERT INTO mainapp_chatuser VALUES(667,364069664);
INSERT INTO mainapp_chatuser VALUES(668,693073028);
INSERT INTO mainapp_chatuser VALUES(669,555965287);
INSERT INTO mainapp_chatuser VALUES(670,935252024);
INSERT INTO mainapp_chatuser VALUES(671,48432921);
INSERT INTO mainapp_chatuser VALUES(672,506794533);
INSERT INTO mainapp_chatuser VALUES(673,1495765189);
INSERT INTO mainapp_chatuser VALUES(674,758094965);
INSERT INTO mainapp_chatuser VALUES(675,600380163);
INSERT INTO mainapp_chatuser VALUES(676,709751283);
INSERT INTO mainapp_chatuser VALUES(677,127391073);
INSERT INTO mainapp_chatuser VALUES(678,2103970682);
INSERT INTO mainapp_chatuser VALUES(679,472186246);
INSERT INTO mainapp_chatuser VALUES(680,210894379);
INSERT INTO mainapp_chatuser VALUES(681,5141033757);
INSERT INTO mainapp_chatuser VALUES(682,63616282);
INSERT INTO mainapp_chatuser VALUES(683,157400121);
INSERT INTO mainapp_chatuser VALUES(684,2061683482);
INSERT INTO mainapp_chatuser VALUES(685,307641663);
INSERT INTO mainapp_chatuser VALUES(686,272392213);
INSERT INTO mainapp_chatuser VALUES(687,245674415);
INSERT INTO mainapp_chatuser VALUES(688,712415941);
INSERT INTO mainapp_chatuser VALUES(689,2039576);
INSERT INTO mainapp_chatuser VALUES(690,1751847298);
INSERT INTO mainapp_chatuser VALUES(691,1198423061);
INSERT INTO mainapp_chatuser VALUES(692,144631462);
INSERT INTO mainapp_chatuser VALUES(693,583038981);
INSERT INTO mainapp_chatuser VALUES(694,772093389);
INSERT INTO mainapp_chatuser VALUES(695,952670962);
INSERT INTO mainapp_chatuser VALUES(696,808762626);
INSERT INTO mainapp_chatuser VALUES(697,5222214950);
INSERT INTO mainapp_chatuser VALUES(698,1977760228);
INSERT INTO mainapp_chatuser VALUES(699,205856314);
INSERT INTO mainapp_chatuser VALUES(700,1983908412);
INSERT INTO mainapp_chatuser VALUES(701,1403920526);
INSERT INTO mainapp_chatuser VALUES(702,602449349);
INSERT INTO mainapp_chatuser VALUES(703,1018583466);
INSERT INTO mainapp_chatuser VALUES(704,63137495);
INSERT INTO mainapp_chatuser VALUES(705,2397860);
INSERT INTO mainapp_chatuser VALUES(706,1080185932);
INSERT INTO mainapp_chatuser VALUES(707,696703824);
INSERT INTO mainapp_chatuser VALUES(708,46471655);
INSERT INTO mainapp_chatuser VALUES(709,60289526);
INSERT INTO mainapp_chatuser VALUES(710,730080805);
INSERT INTO mainapp_chatuser VALUES(711,425168414);
INSERT INTO mainapp_chatuser VALUES(712,355906394);
INSERT INTO mainapp_chatuser VALUES(713,78265659);
INSERT INTO mainapp_chatuser VALUES(714,2315367);
INSERT INTO mainapp_chatuser VALUES(715,122010398);
INSERT INTO mainapp_chatuser VALUES(716,81818958);
INSERT INTO mainapp_chatuser VALUES(717,174235642);
INSERT INTO mainapp_chatuser VALUES(718,792091307);
INSERT INTO mainapp_chatuser VALUES(719,60129914);
INSERT INTO mainapp_chatuser VALUES(720,1458894927);
INSERT INTO mainapp_chatuser VALUES(721,611727203);
INSERT INTO mainapp_chatuser VALUES(722,605246098);
INSERT INTO mainapp_chatuser VALUES(723,1153985280);
INSERT INTO mainapp_chatuser VALUES(724,2144802677);
INSERT INTO mainapp_chatuser VALUES(725,969827214);
INSERT INTO mainapp_chatuser VALUES(726,76350590);
INSERT INTO mainapp_chatuser VALUES(727,3245352);
INSERT INTO mainapp_chatuser VALUES(728,505808945);
INSERT INTO mainapp_chatuser VALUES(729,276946507);
INSERT INTO mainapp_chatuser VALUES(730,1827650641);
CREATE TABLE IF NOT EXISTS "mainapp_collection" ("id" integer NOT NULL PRIMARY KEY AUTOINCREMENT, "name" varchar(200) NOT NULL);
INSERT INTO mainapp_collection VALUES(1,'Isfahan');
INSERT INTO mainapp_collection VALUES(2,'Creante Black');
INSERT INTO mainapp_collection VALUES(4,'Tumaris');
INSERT INTO mainapp_collection VALUES(5,'Emirkhan');
INSERT INTO mainapp_collection VALUES(6,'Ponte');
INSERT INTO mainapp_collection VALUES(13,'Therapy');
INSERT INTO mainapp_collection VALUES(14,'Rodin');
INSERT INTO mainapp_collection VALUES(15,'Actual');
INSERT INTO mainapp_collection VALUES(16,'Troya');
INSERT INTO mainapp_collection VALUES(17,'Bali');
INSERT INTO mainapp_collection VALUES(18,'Reflex');
INSERT INTO mainapp_collection VALUES(20,'Zilli');
INSERT INTO mainapp_collection VALUES(22,'Modern');
INSERT INTO mainapp_collection VALUES(23,'Imperial Plus');
INSERT INTO mainapp_collection VALUES(24,'Avangard');
INSERT INTO mainapp_collection VALUES(25,'Baby');
INSERT INTO mainapp_collection VALUES(26,'Prestige');
INSERT INTO mainapp_collection VALUES(27,'Electra');
INSERT INTO mainapp_collection VALUES(28,'Effect');
INSERT INTO mainapp_collection VALUES(29,'Zara Rich');
INSERT INTO mainapp_collection VALUES(30,'Xan');
INSERT INTO mainapp_collection VALUES(31,'Classic');
INSERT INTO mainapp_collection VALUES(32,'Aristokrat');
INSERT INTO mainapp_collection VALUES(33,'Joynamoz');
INSERT INTO mainapp_collection VALUES(34,'Prada');
INSERT INTO mainapp_collection VALUES(35,'Silk');
INSERT INTO mainapp_collection VALUES(36,'Azia');
INSERT INTO mainapp_collection VALUES(37,'Bambino');
INSERT INTO mainapp_collection VALUES(38,'Sauvage');
INSERT INTO mainapp_collection VALUES(39,'Santa Fe');
INSERT INTO mainapp_collection VALUES(40,'Aventus');
INSERT INTO mainapp_collection VALUES(41,'Sophistic');
CREATE TABLE IF NOT EXISTS "django_session" ("session_key" varchar(40) NOT NULL PRIMARY KEY, "session_data" text NOT NULL, "expire_date" datetime NOT NULL);
INSERT INTO django_session VALUES('ws8hcs8m7afl8rvn0kanys0c3or7hnzo','.eJxVjEEOwiAQRe_C2hCwlCku3XsGMsMMUjU0Ke3KeHdD0oVu_3vvv1XEfStxb7LGmdVFWXX63QjTU2oH_MB6X3Ra6rbOpLuiD9r0bWF5XQ_376BgK702wuRGhxkHMWBH650YIQ7g_ZCZp8zBIgQXJrZkUgYSssBwpuCcV58v_vQ4bg:1netcT:YaAddI1BrbnDv8ZBCKz9EAbI7mJURgsEMD909kz4Yns','2022-04-28 07:10:21.196391');
DELETE FROM sqlite_sequence;
INSERT INTO sqlite_sequence VALUES('django_migrations',27);
INSERT INTO sqlite_sequence VALUES('django_admin_log',8);
INSERT INTO sqlite_sequence VALUES('django_content_type',12);
INSERT INTO sqlite_sequence VALUES('auth_permission',48);
INSERT INTO sqlite_sequence VALUES('auth_group',0);
INSERT INTO sqlite_sequence VALUES('auth_user',1);
INSERT INTO sqlite_sequence VALUES('mainapp_subcollection',91);
INSERT INTO sqlite_sequence VALUES('mainapp_collection',41);
INSERT INTO sqlite_sequence VALUES('mainapp_city',15);
INSERT INTO sqlite_sequence VALUES('mainapp_dealer',28);
INSERT INTO sqlite_sequence VALUES('mainapp_chatuser',730);
CREATE UNIQUE INDEX "auth_group_permissions_group_id_permission_id_0cd325b0_uniq" ON "auth_group_permissions" ("group_id", "permission_id");
CREATE INDEX "auth_group_permissions_group_id_b120cbf9" ON "auth_group_permissions" ("group_id");
CREATE INDEX "auth_group_permissions_permission_id_84c5c92e" ON "auth_group_permissions" ("permission_id");
CREATE UNIQUE INDEX "auth_user_groups_user_id_group_id_94350c0c_uniq" ON "auth_user_groups" ("user_id", "group_id");
CREATE INDEX "auth_user_groups_user_id_6a12ed8b" ON "auth_user_groups" ("user_id");
CREATE INDEX "auth_user_groups_group_id_97559544" ON "auth_user_groups" ("group_id");
CREATE UNIQUE INDEX "auth_user_user_permissions_user_id_permission_id_14a6b632_uniq" ON "auth_user_user_permissions" ("user_id", "permission_id");
CREATE INDEX "auth_user_user_permissions_user_id_a95ead1b" ON "auth_user_user_permissions" ("user_id");
CREATE INDEX "auth_user_user_permissions_permission_id_1fbb5f2c" ON "auth_user_user_permissions" ("permission_id");
CREATE INDEX "django_admin_log_content_type_id_c4bce8eb" ON "django_admin_log" ("content_type_id");
CREATE INDEX "django_admin_log_user_id_c564eba6" ON "django_admin_log" ("user_id");
CREATE UNIQUE INDEX "django_content_type_app_label_model_76bd3d3b_uniq" ON "django_content_type" ("app_label", "model");
CREATE UNIQUE INDEX "auth_permission_content_type_id_codename_01ab375a_uniq" ON "auth_permission" ("content_type_id", "codename");
CREATE INDEX "auth_permission_content_type_id_2f476e4b" ON "auth_permission" ("content_type_id");
CREATE INDEX "mainapp_dealer_city_id_bd30b2a5" ON "mainapp_dealer" ("city_id");
CREATE INDEX "mainapp_subcollection_collection_id_d658c18b" ON "mainapp_subcollection" ("collection_id");
CREATE INDEX "django_session_expire_date_a5c62663" ON "django_session" ("expire_date");
COMMIT;
